{
    "experiment": "version2_run3",
    "timestamp": "2026-01-10T22:32:01.324417",
    "num_queries": 6,
    "mean_p10": 0.6,
    "mean_ap10": 0.4841798941798941,
    "mean_latency": 8356.703837712606,
    "seed": 44,
    "split_ratio": 0.8
}