{
    "version": "version2",
    "timestamp": "2026-01-10T22:32:01.678373",
    "num_runs": 3,
    "mean_p10_avg": 0.5277777777777778,
    "mean_p10_std": 0.0515201027527539,
    "mean_ap10_avg": 0.42283950617283944,
    "mean_ap10_std": 0.05183546034211037,
    "mean_latency_avg": 9735.51979329851,
    "mean_latency_std": 1327.2815885833181,
    "runs_included": [
        "version2_run1",
        "version2_run2",
        "version2_run3"
    ]
}